confederation,observacoes,observacoes_elite,proporcao_elite,rating_medio
CONMEBOL,594,271,0.4562289562289562,1771.3181818181818
UEFA,1592,579,0.3636934673366834,1775.803391959799
CONCACAF,456,5,0.010964912280701754,1515.921052631579
AFC,545,0,0.0,1505.0752293577982
CAF,644,0,0.0,1621.9658385093169
OFC,76,0,0.0,1485.657894736842
