modelo,acuracia,precisao,recall,f1_score,roc_auc
Árvore de decisão,0.8515625,0.5681818181818182,1.0,0.7246376811594203,0.9395469255663431
Regressão logística,0.8645833333333334,0.6095238095238096,0.8533333333333334,0.7111111111111111,0.9556418554476808
Bayes manual,0.8463541666666666,0.5714285714285714,0.8533333333333334,0.6844919786096256,0.9368284789644014
